,title,created_utc,selftext,subreddit,id,media_only
0,Make this into anything pls Thank you,1601756284,,photoshopbattles,j4lz6q,False
1,If u know this girl leave a like,1601755062,,photoshopbattles,j4ln4v,False
2,PsBattle: This 16th Century Fireplace,1601754807,,photoshopbattles,j4lkhe,False
3,PsBattle: A rabbit who is taming a dog!,1601754648,,photoshopbattles,j4livq,False
4,PsBattle: A (my) rabbit who is taming a dog!,1601754566,,photoshopbattles,j4li3u,False
5,this hamster stuck in a toilet paper roll,1601754430,,photoshopbattles,j4lgq8,False
6,PsBattle: This cat with an expression,1601754352,,photoshopbattles,j4lfzh,False
7,PsBattle: White House doctors at a press conference,1601754344,,photoshopbattles,j4lfwh,False
8,PsBattle: Baby looking at his toes,1601753496,,photoshopbattles,j4l7i5,False
9,PsBattle: Pickle buffet,1601753443,,photoshopbattles,j4l6yh,False
10,"Old saying never to old. Clever plates, good job...",1601753177,,photoshopbattles,j4l49m,False
11,PsBattle: This cat in a hole,1601752470,,photoshopbattles,j4kwxq,False
12,PsBattle: this very surprised cat,1601751993,,photoshopbattles,j4ks2c,False
13,PsBattle: please meme.,1601751969,,photoshopbattles,j4kruh,False
14,Psbattle: meme away.,1601751912,,photoshopbattles,j4kr93,False
15,PsBattle: please meme my friend.,1601751846,,photoshopbattles,j4kqkn,False
16,Psbattle: please meme my friend,1601751767,,photoshopbattles,j4kpsw,False
17,PsBattle: Plants growing over a Ford Mustang,1601751717,,photoshopbattles,j4kpb7,False
18,Meme my friend please,1601751669,,photoshopbattles,j4kosu,False
19,PsBattle: Plants growing over a Ford Mustang 427,1601751628,,photoshopbattles,j4kobm,False
20,My little shredder,1601751224,,photoshopbattles,j4kk4m,False
21,PsBattle: Cat on a leash looking at the camera,1601751138,,photoshopbattles,j4kjb6,False
22,This Orangutan staring at camera,1601750452,,photoshopbattles,j4kca3,False
23,PsBattle: Teen on a bobby car wielding a lightsaber,1601750030,,photoshopbattles,j4k7rl,False
24,PsBattle: my friend on a bobby car wielding a lightsaber,1601749896,,photoshopbattles,j4k6cg,False
25,PSbattle: Hamster stuck in paper roll,1601748933,,photoshopbattles,j4jwl7,False
26,PsBattle: Buffet full of pickles,1601748892,,photoshopbattles,j4jw6n,False
27,PsBattle: Kim Jong-un looking at a DVD VIDEO screen saver,1601748857,,photoshopbattles,j4jvt6,False
28,PsBattle: Daph eating a pillow,1601748783,,photoshopbattles,j4jv05,False
29,Psbattles: Daph eating a pillow,1601748685,,photoshopbattles,j4ju3d,False
30,Daph eating a pillow,1601748618,,photoshopbattles,j4jtep,False
31,PsBattle: This duck with an Afro,1601747992,,photoshopbattles,j4jmtd,False
32,This baby duck with an Afro,1601747930,,photoshopbattles,j4jm6b,False
33,PsBattle: A frowning cat,1601747800,,photoshopbattles,j4jkst,False
34,PsBattle: Stretching dog,1601747602,,photoshopbattles,j4jit2,False
35,PsBattle: This angry cat,1601747279,,photoshopbattles,j4jffh,False
36,A picture of my dog laying down,1601745905,,photoshopbattles,j4j0z6,False
37,PsBattle : This angry cat,1601745800,,photoshopbattles,j4izw8,False
38,PsBattle: Mini panther is over homeschooling,1601745336,,photoshopbattles,j4iuzh,False
39,PsBattle: Dog standing like a t-rex,1601744270,,photoshopbattles,j4ij7n,False
40,PsBattle: Surprised Sea Creature,1601743505,,photoshopbattles,j4ib06,False
41,PsBattle: This hamster stuck in a paper roll,1601743095,,photoshopbattles,j4i6df,False
42,Psbattle: ‚Äú this shark,1601742756,,photoshopbattles,j4i2la,False
43,Psbattle: could someone edit this,1601742676,,photoshopbattles,j4i1pa,False
44,Psbattle: this shark on a shelf,1601742592,,photoshopbattles,j4i0sj,False
45,This shark on a shelf,1601742533,,photoshopbattles,j4i06v,False
46,PsBattle: Kitty Rock,1601742433,,photoshopbattles,j4hz47,False
47,PsBattle: This cat sort of stretching her arms during a belly rub,1601742277,,photoshopbattles,j4hxh4,False
49,this is mine,1601741448,,photoshopbattles,j4hoix,False
50,savee this weird reptile pls,1601741217,,photoshopbattles,j4hlvm,False
51,Damn Earbuds,1601739735,,photoshopbattles,j4h5m1,False
52,PsBattle: my parents' dog stretching,1601739431,,photoshopbattles,j4h29n,False
53,PsBattle: this succulent,1601738439,,photoshopbattles,j4gs15,False
54,AIs from AI Dungeon 2 to sexy to funny and one based wholly on Reddit!,1601738418,,photoshopbattles,j4grte,False
55,This succulent,1601737832,,photoshopbattles,j4gltu,False
56,PsBattle: this Sphinx in a pumpkin costume,1601737113,,photoshopbattles,j4gefh,False
57,PsBattle: my Sphinx in a pumpkin costume.,1601737025,,photoshopbattles,j4gdk0,False
58,My Sphinx in a pumpkin costume.,1601736823,,photoshopbattles,j4gbpj,False
59,PsBattle: This lemon picked off of a tree,1601736281,,photoshopbattles,j4g6p4,False
60,PSbattle: This lemon picked off of a tree,1601736225,,photoshopbattles,j4g64g,False
61,PsBattle: A Couple and Their Dogs,1601736219,,photoshopbattles,j4g62b,False
62,PSB: A girl standing on a table making it look like she‚Äôs in a dress.,1601735559,,photoshopbattles,j4fztk,False
63,"PsBattle: Cat becomes a cloud God, credit to u/joethedinosaurus_",1601735501,,photoshopbattles,j4fz80,False
64,PsBattle: Millie,1601735446,,photoshopbattles,j4fypa,False
66,PsBattle: photoshop cloning and story telling.,1601734529,,photoshopbattles,j4fqcw,False
67,Psbattle: Black sheep family member,1601734396,,photoshopbattles,j4fp6r,False
68,PsBattle: creativity,1601734347,,photoshopbattles,j4foqw,False
69,PsBattle,1601734308,,photoshopbattles,j4focz,False
70,Nothing to see here,1601734074,,photoshopbattles,j4fm0s,False
71,This picture that a mom tried to photoshop her black sheep son into üòÇ,1601733929,,photoshopbattles,j4fkp1,False
72,PsBattle: feat. the Addams Family,1601733530,,photoshopbattles,j4fgo8,False
73,Guys I was coming from the forest and this happend. More pics in comments!,1601733455,,photoshopbattles,j4ffy1,False
74,PSBattle Feat. The Adams FamilyüéÉ,1601733396,,photoshopbattles,j4ffcz,False
75,"Oh, exploitable!",1601732528,,photoshopbattles,j4f79l,False
76,PsBattle: Trump kissing the American flag,1601732305,,photoshopbattles,j4f58i,False
77,PsBattle: It would be crazy if star wars was like this,1601732303,,photoshopbattles,j4f57i,False
78,I don‚Äôt even know what this is,1601731614,,photoshopbattles,j4ez6h,False
79,PsBattle: a hound dog and his little kitty sister,1601731455,,photoshopbattles,j4exua,False
80,PsBattle: Scary Cat,1601731203,,photoshopbattles,j4evrj,False
81,she's fiesty!,1601731094,,photoshopbattles,j4euyh,False
82,PsBattle: This Strange Dog,1601730733,,photoshopbattles,j4es5z,False
83,Psbattles: Star wars,1601730642,,photoshopbattles,j4ergb,False
84,PsBattle: This cat looking out the window,1601730302,,photoshopbattles,j4eoqn,False
85,PsBattle: My very happy dog,1601730002,,photoshopbattles,j4embg,False
86,PsBattle: baby with a dress in the mirror,1601725893,,photoshopbattles,j4ehl9,False
87,PsBattle:baby with a dress in the mirror,1601725845,,photoshopbattles,j4eh8r,False
88,Hello,1601724853,,photoshopbattles,j4ea8r,False
89,PsBattle: Husky wearing Doggles,1601724016,,photoshopbattles,j4e4jz,False
90,Psbattle: Dog wearing Doggles,1601722719,,photoshopbattles,j4dvtz,False
91,PsBattle: This cat showing its teeth,1601722634,,photoshopbattles,j4dvbq,False
92,PsBattle: This cheetah showing its teeth,1601722511,,photoshopbattles,j4dui8,False
93,Dog reaching a hand,1601720838,,photoshopbattles,j4djje,False
94,Dog reaching a baby hand under a chair,1601720767,,photoshopbattles,j4dj48,False
95,PsBattle: This Storm Trooper convertible,1601720542,,photoshopbattles,j4dhmo,False
96,PsBattle: Eagle eye view of convertible that looks like a Storm Trooper,1601720487,,photoshopbattles,j4dh8u,False
97,PsBattle: Just chilling with some friends üåà‚ò∫Ô∏èüíñ,1601720044,,photoshopbattles,j4deek,False
98,loving sowrds next season coming soon,1601719658,,photoshopbattles,j4dbyo,False
99,PsBattle: Kim Jong-un looking at a DVD VIDEO screensaver,1601719073,,photoshopbattles,j4d82m,False
0,PsBattle: Stan lee with a cat that looks just like him,1601718858,,photoshopbattles,j4d6oy,False
1,PsBattle: Boy driving a car made out of a coffin,1601718295,,photoshopbattles,j4d39i,False
2,PsBattle: Th‚Äé‚Äé‚Äé‚Äéis W‚Äé‚Äéhite‚Äé‚Äé‚Äé‚Äé‚Äé‚Äé‚Äé‚Äé Car‚Äé‚Äé‚Äé,1601717761,,photoshopbattles,j4czzc,False
3,This is so forked,1601717073,,photoshopbattles,j4cvkj,False
4,PsBattle: Gorillas dance practising,1601716678,,photoshopbattles,j4ct3v,False
5,PsBattle: A surprised squirrel,1601716124,,photoshopbattles,j4cppj,False
6,A surprised squirrel!,1601715990,,photoshopbattles,j4coti,False
7,PsBattle: Standing cat,1601712860,,photoshopbattles,j4c4pa,False
8,A girl having a sleep on a beach.,1601712158,,photoshopbattles,j4c09r,False
9,PsBattle: Nervous dog with absurdly long neck,1601711748,,photoshopbattles,j4bxxb,False
10,This nervous dog with absurdly long neck,1601711623,,photoshopbattles,j4bx77,False
11,PsBattle: This cat hanging out with a capybara in a cafe.,1601711350,,photoshopbattles,j4bvoi,False
12,Psbattle: This cat with a capybara,1601710809,,photoshopbattles,j4bsjz,False
13,PsBattle: a guy riding a train,1601709910,,photoshopbattles,j4bmtn,False
14,BACCHA GAYA ASMAAN ME,1601709323,,photoshopbattles,j4bj8i,False
15,PsBattle: Giant snowman,1601708924,,photoshopbattles,j4bgve,False
16,PsBattle: Money vending machine,1601708569,,photoshopbattles,j4bem0,False
17,PsBattle: This good boy smiling.,1601703233,,photoshopbattles,j4afyv,False
18,PsBattle: This eagle walking,1601699894,,photoshopbattles,j49q38,False
19,PsBattle: man with a large fish,1601697585,,photoshopbattles,j496sd,False
20,PsBattle: cat laying in front of fireplace with paw upturned.,1601697585,,photoshopbattles,j496sc,False
21,PsBattle: my grandpa with a fish,1601697507,,photoshopbattles,j4966z,False
22,PsBattle my grandpa with his fish,1601697397,,photoshopbattles,j4959n,False
23,PsBattle: sleepy monkey,1601696186,,photoshopbattles,j48ugr,False
24,why not to go out at night,1601695379,,photoshopbattles,j48nsb,False
25,Sleepy monkey,1601695113,,photoshopbattles,j48lou,False
26,PsBattle: Kim Jong-un and his comrade riding horses in snow.,1601694705,,photoshopbattles,j48ij4,False
27,Psbattle photoshop cloning,1601694401,,photoshopbattles,j48g4z,False
28,PsBattle: This lad who found a small beehive,1601693232,,photoshopbattles,j486ci,False
29,This lad who found a beehive,1601693165,,photoshopbattles,j485tg,False
30,Star wars is insane!!!,1601692951,,photoshopbattles,j4840z,False
31,PsBattle: King of Kings,1601692822,,photoshopbattles,j482xb,False
33,Don‚Äôt know if this has been posted before. But I am expecting great outcomes.,1601692616,,photoshopbattles,j48157,False
34,My grandpa and his fish,1601692173,,photoshopbattles,j47xj2,False
35,the test was a success,1601691835,,photoshopbattles,j47upt,False
36,Replace this background with ‚ÄúThe Note‚Äù from Jersey Shore.,1601691352,,photoshopbattles,j47qt2,False
37,PsBattle: This creepy eagle dude,1601691130,,photoshopbattles,j47p35,False
38,PsBattle: Happy dog coming.,1601691086,,photoshopbattles,j47oq3,False
39,PsBattle: This creepy eagle dude in a shawl. Made with my phone.,1601691072,,photoshopbattles,j47olg,False
40,"I'm limited to what I can do on a phone but I tried my best, here's my creepy bird man who wants to sell you something",1601690973,,photoshopbattles,j47ntl,False
41,PsBattle: This tiny Bat,1601688971,,photoshopbattles,j476zl,False
42,This teeny tiny Bat,1601688904,,photoshopbattles,j476e5,False
43,It was suggested I post this here...,1601687669,,photoshopbattles,j46vv5,False
44,PsBattle: berleezy seen something,1601687393,,photoshopbattles,j46tfp,False
45,PsBattle:berlin seen something,1601687312,,photoshopbattles,j46ss8,False
46,Psbattle: berlin seen something,1601687241,,photoshopbattles,j46s69,False
47,Psbattle. Berlezy seen something,1601687167,,photoshopbattles,j46ria,False
48,PsBattle: this photo of Jacob Markstrom,1601686572,,photoshopbattles,j46mfa,False
49,PsBattle: This girl doing hopscotch.,1601685274,,photoshopbattles,j46bh6,False
50,PsBattle: Kristen bell in the hall of fame.,1601684024,,photoshopbattles,j460lf,False
51,PsBattle: This kid in water,1601683818,,photoshopbattles,j45yrr,False
52,PsBattle: Gucci mane fishing,1601683766,,photoshopbattles,j45yb7,False
53,PsBattle: Penguins in sweaters,1601683742,,photoshopbattles,j45y39,False
54,PsBattle: My friend in the water,1601683720,,photoshopbattles,j45xwq,False
55,Ps battle: Gucci mane fishing,1601683689,[deleted],photoshopbattles,j45xm5,False
56,PsBattle: this depressed frog,1601683649,,photoshopbattles,j45x9p,False
57,PsBattle: this pug jumping over a pipe,1601683429,,photoshopbattles,j45vcp,False
58,PsBattle: Blursed Kermit,1601683146,,photoshopbattles,j45sp5,False
59,PsBattle: Cat standing up.,1601682787,,photoshopbattles,j45phx,False
60,Photoshop Battle: Cat standing up.,1601682693,,photoshopbattles,j45oo9,False
61,surprised dog,1601682666,,photoshopbattles,j45ofm,False
62,This fat goldfish,1601682375,,photoshopbattles,j45ltq,False
63,"PsBattle: Kristen bell in the hall of fame, go ahead!",1601682176,,photoshopbattles,j45k0g,False
64,"Kristen bell in the hall of fame, Go ahead!",1601682103,,photoshopbattles,j45jed,False
65,PsBattle: Reflection of the Sun on the wall,1601681906,,photoshopbattles,j45hm7,False
66,Reflection of the Sun on the wall,1601681763,,photoshopbattles,j45g9n,False
67,PsBattle: Donald Trump - Good Luck!,1601679979,,photoshopbattles,j44zzu,False
68,PsBattle: Cat shooting some hoops,1601679589,,photoshopbattles,j44w4l,False
69,PsBattle paws,1601679545,,photoshopbattles,j44vqk,False
70,Psbattle paws,1601679446,,photoshopbattles,j44utp,False
71,PsBattle: This sneering cat,1601679144,,photoshopbattles,j44s0n,False
72,PS Battles: Donald Trump - Good Luck!,1601679036,,photoshopbattles,j44qyc,False
73,PsBattle: Distressed dog,1601678965,,photoshopbattles,j44qas,False
74,Psbattle I photo shopped this,1601678113,,photoshopbattles,j44ifu,False
75,I photo shopped this,1601678048,,photoshopbattles,j44hu2,False
76,PsBattle - Donald Trump - Good Luck!,1601678028,,photoshopbattles,j44hnq,False
77,PS Battles - Donald Trump - Good Luck!,1601677130,,photoshopbattles,j4491r,False
78,PsBattle: my niece eating beans for the first time,1601676898,,photoshopbattles,j446td,False
79,PsBattle: slip n slide boy,1601676829,,photoshopbattles,j4468f,False
80,Psbattle: my niece eating beans for the first time,1601676829,,photoshopbattles,j4468b,False
81,PsBattle: epic slip n slide boy,1601676771,,photoshopbattles,j445nf,False
82,AWSOME DOG,1601676747,,photoshopbattles,j445f7,False
83,My niece eating beans for the first time,1601675910,,photoshopbattles,j43x2e,False
84,PsBattle: This kid's Halloween costume,1601675703,,photoshopbattles,j43v0p,False
85,PsBattle: This floating lazarbeam,1601675518,,photoshopbattles,j43t3b,False
86,"""PsBattle: "". This floating lazarbeam",1601675402,,photoshopbattles,j43rza,False
87,"""PsBattle:"". This floating lazarbeam",1601675272,,photoshopbattles,j43qon,False
88,"PsBattle"":",1601675140,,photoshopbattles,j43pf0,False
89,PsBattle: this massive nutella,1601674859,,photoshopbattles,j43mk6,False
90,PsBattle: these rats in a blanket,1601674810,,photoshopbattles,j43m2v,False
91,PsBattle: this cat doing a big ol‚Äô yawn,1601674278,,photoshopbattles,j43giq,False
92,PsBattle: These synchronized swimmers,1601674271,,photoshopbattles,j43ggl,False
93,PS Battle: This kid's halloween costume,1601674022,,photoshopbattles,j43dsl,False
94,PsBattle: disapointment frog,1601672988,,photoshopbattles,j4336x,False
95,PsBattle: cat in blankets,1601672880,,photoshopbattles,j4321h,False
96,"PSbattle:"". make fornite a meme",1601672359,,photoshopbattles,j42wcx,False
97,PsBattle: pickle buffet,1601672348,,photoshopbattles,j42w8h,False
98,"Psbattle:"" make fornite a meme",1601672267,,photoshopbattles,j42ve0,False
99,"psbattle:"" make fortnite a meme",1601672160,,photoshopbattles,j42ub9,False
0,psbattles: make fortnite a meme,1601672010,,photoshopbattles,j42snh,False
1,Hahaha,1601670776,,photoshopbattles,j42ezr,False
2,This human and gorilla skeletons,1601670370,,photoshopbattles,j42ajw,False
3,PsBattle: This girl doing some serious hopscotch.,1601669600,,photoshopbattles,j421zk,False
4,PsBattle: Standing cat from /r/CatsStandingUp,1601669518,,photoshopbattles,j42136,False
5,PsBattle: My daughter being awesome at hopscotch.,1601669489,,photoshopbattles,j420so,False
6,PsBattle : my sister,1601668324,,photoshopbattles,j41nm1,False
8,PsBattle: a picture of my sister,1601668250,,photoshopbattles,j41mrf,False
9,PsBattle: my sister,1601668175,,photoshopbattles,j41lwg,False
10,PsBattle: my little sister stuck in a horse stable,1601668112,,photoshopbattles,j41l7f,False
11,PsBattle : my little sister stuck in a toy horse stable,1601668063,,photoshopbattles,j41kod,False
12,Psbattle: my little sister locked in toy horse stable,1601667990,,photoshopbattles,j41jv4,False
13,PsBattle: this standing cat with a tie,1601667965,,photoshopbattles,j41jkc,False
14,Ps Battle: my little sister locked in a toy horse stable,1601667900,,photoshopbattles,j41iu4,False
15,PsBattle: My friend gave me permission to put him here,1601667379,,photoshopbattles,j41cxq,False
16,PsBattle: This anime character with an extremely long neck,1601667288,,photoshopbattles,j41bxn,False
17,PsBattle: The anime snapchat filter.,1601667008,,photoshopbattles,j418qs,False
18,PSbattle: this is my friend he gave me permission to put him on here,1601666580,,photoshopbattles,j413yy,False
19,PsBattle: groot is learning,1601666495,,photoshopbattles,j4130b,False
20,PsBattle groot is learning,1601666420,,photoshopbattles,j4124r,False
21,PsBattle this groot staring into space,1601666345,,photoshopbattles,j4119u,False
22,psBattle this groot staring into space,1601666110,,photoshopbattles,j40yma,False
23,ps battle this baby groot staring into space,1601665770,,photoshopbattles,j40upg,False
24,Cat sitting next to fruits,1601665002,,photoshopbattles,j40lrd,False
25,PsBattle: eagle wrapped in a towel,1601664742,,photoshopbattles,j40isl,False
26,girl wolverine,1601664530,,photoshopbattles,j40ggf,False
27,PsBattle: This jalape√±o with a scar,1601664420,,photoshopbattles,j40f5y,False
28,PsBattle: Michelangelo's_Pieta,1601663126,,photoshopbattles,j40072,False
29,PsBattle: DJ Sabertooth is in the building!,1601663040,,photoshopbattles,j3zz9e,False
31,PsBattle: i love this....,1601662860,,photoshopbattles,j3zx6h,False
32,Psbattle: DJ Sabertooth is in the building!,1601662852,,photoshopbattles,j3zx37,False
33,i love it ....,1601662707,,photoshopbattles,j3zvee,False
34,PsBattle: 3D Printed Pinaple Cutter,1601662649,,photoshopbattles,j3zuqo,False
35,PsBattle: A guy throwing his kid in the air,1601662601,,photoshopbattles,j3zu7o,False
36,PsBattle: This seal with stripes,1601662598,,photoshopbattles,j3zu6q,False
37,DJ Sabertooth is in the building!,1601662565,,photoshopbattles,j3ztrr,False
38,This seal with stripes,1601662559,,photoshopbattles,j3ztpa,False
39,PsBattle: Donald Trump cosplay,1601662532,,photoshopbattles,j3zteb,False
41,"haunted house,",1601662386,,photoshopbattles,j3zrq7,False
43,PsBattle: EXAMINING A NUG,1601662231,,photoshopbattles,j3zpzh,False
44,"My heart is a haunted house, once you go out.",1601662183,,photoshopbattles,j3zpfq,False
45,PsBattle: MY FRIENDS EXAMINING A NUG,1601662113,,photoshopbattles,j3zolj,False
46,PsBattle:,1601661912,,photoshopbattles,j3zm5w,False
47,PsBattle: My friends examining a nug,1601661840,,photoshopbattles,j3zlbw,False
48,Psbattle: My friends examining a nug,1601661726,,photoshopbattles,j3zk1g,False
49,PsBattle: this cat sleeping in a leaf,1601661241,,photoshopbattles,j3zeb1,False
50,PsBattle: a bunch of security cameras on a wall,1601658260,,photoshopbattles,j3yfyp,False
51,Father... they sheared the professor!,1601657709,,photoshopbattles,j3y9h5,False
52,PsBattle: Dog with a raspberry on its nose,1601656449,,photoshopbattles,j3xumq,False
53,PsBattle: This pug in a suit,1601654885,,photoshopbattles,j3xcoh,False
54,PsBattle: Honeybees drinking,1601653451,,photoshopbattles,j3ww4v,False
55,PsBattle: Honeybees,1601653402,,photoshopbattles,j3wvkc,False
56,PsBattle: Chelsea goalkeeper √âdouard Mendy punching a ball in training,1601653156,,photoshopbattles,j3wssy,False
57,Made it today.. call it zombie killer,1601653122,,photoshopbattles,j3wsg1,False
58,PSBattle: Chelsea goalkeeper √âdouard Mendy punching a ball in training,1601653101,,photoshopbattles,j3ws6z,False
59,Chelsea goalkeeper √âdouard Mendy punching a ball in training,1601653035,,photoshopbattles,j3wreg,False
60,PsBattle: Bees drinking,1601652357,,photoshopbattles,j3wjpa,False
61,PsBattle: this astronaut floating in space,1601651157,,photoshopbattles,j3w630,False
62,This astronaut floating in space,1601651104,,photoshopbattles,j3w5hu,False
64,Can someone animate this handsome squidward flying away lol,1601650653,,photoshopbattles,j3w06h,False
65,Can someone animate or gif this to make him flying away out of screen please lol,1601650614,,photoshopbattles,j3vzrm,False
66,PsBattle: Strong Fish man,1601650291,,photoshopbattles,j3vwad,False
67,PsBattle: this beatifull picture of a wolf in the snow,1601649170,,photoshopbattles,j3vk4x,False
68,PsBattle: Swinging in the sky,1601648706,,photoshopbattles,j3vf78,False
69,PsBattle: this wolf,1601648271,,photoshopbattles,j3vaoe,False
70,Photoshopbattle: this perfectly timed photo of a dog and a bubble.,1601648208,,photoshopbattles,j3va1n,False
71,PsBattle: dumb picture of Trump.,1601648184,,photoshopbattles,j3v9t0,False
72,"PsBattle: this man giving a long, hard passionate speech.",1601648166,,photoshopbattles,j3v9lp,False
73,PsBattle: This carrot.,1601648132,,photoshopbattles,j3v99h,False
74,PsBattle: Let's see what you can do with your boi Rump,1601647962,,photoshopbattles,j3v7h7,False
75,PsBattle: This cat stretching,1601647925,,photoshopbattles,j3v70x,False
76,Trumpy trump,1601647853,,photoshopbattles,j3v6av,False
77,Let's see what you can do on this carrot.,1601647773,,photoshopbattles,j3v5h0,False
78,PsBattle: Two fat cats,1601647424,,photoshopbattles,j3v1o5,False
79,PsBattle: This fanko spongebob keychain,1601647394,,photoshopbattles,j3v1bg,False
80,Psbattle: this wolf,1601647365,,photoshopbattles,j3v10j,False
81,PsBattle: This Ugly Eggplant,1601647230,,photoshopbattles,j3uzhu,False
82,this wolf,1601646434,,photoshopbattles,j3ureq,False
83,PsBattle: This person reaching across the table.,1601643880,,photoshopbattles,j3u2p7,False
84,PsBattle: Kid hitting front squat,1601642452,,photoshopbattles,j3tq23,False
85,One pump,1601642393,,photoshopbattles,j3tpkh,False
86,PsBattle: My friends younger brother lifting,1601642075,,photoshopbattles,j3tmsk,False
87,PsBattle: a very furry pig,1601641946,,photoshopbattles,j3tlob,False
88,PsBattle: MEDIA KILLS THE NEWS,1601640589,,photoshopbattles,j3taxj,False
89,when u see a cat,1601639754,,photoshopbattles,j3t4hv,False
90,Bah,1601638526,,photoshopbattles,j3svj1,False
91,PsBattle: This smiling hog,1601637657,,photoshopbattles,j3spj1,False
92,PsBattle: General Windmillvious,1601637606,,photoshopbattles,j3sp50,False
93,Experts Needed ! Has this photo been photoshoped?,1601637177,,photoshopbattles,j3smas,False
94,PsBattle: Cat and a Shark Toy in napping pose,1601636045,,photoshopbattles,j3semh,False
95,PsBattle: money vending machine.,1601635872,,photoshopbattles,j3sdev,False
96,PsBattle: This dog that has seen some things..,1601634612,,photoshopbattles,j3s52s,False
97,PSBattle: This dog that's seen terrible things.,1601634431,,photoshopbattles,j3s3v8,False
98,PsBattle this riot police man,1601633888,,photoshopbattles,j3s0hb,False
99,Psbattle this riot police man,1601633815,,photoshopbattles,j3s020,False
0,PsBattle: A bunch of security cameras on a wall,1601633786,,photoshopbattles,j3rzvb,False
1,This riot police man,1601633753,,photoshopbattles,j3rzor,False
2,PsBattle: Money‚Äé‚Äé‚Äé‚Äé vending‚Äé‚Äé‚Äé‚Äé‚Äé‚Äé machine‚Äé‚Äé‚Äé‚Äé,1601633628,,photoshopbattles,j3ryxu,False
3,PsBattle: This Worried Pug.,1601632876,,photoshopbattles,j3rtym,False
4,PSBattle: This Worried Pug,1601632795,,photoshopbattles,j3rtch,False
5,PS Battle: This Worried Pug,1601632748,,photoshopbattles,j3rt1o,False
6,PsBattle: This white car,1601631622,,photoshopbattles,j3rm27,False
7,PsBattle: Crystal Ball,1601628379,,photoshopbattles,j3r2jk,False
8,PsBattle: The puppy has covered his whole body with his wonderful fur!,1601628213,,photoshopbattles,j3r1jc,False
9,PsBattle: Jimmy Carter celebrating his 96th birthday,1601627719,,photoshopbattles,j3qye9,False
10,PsBattle: A hand balancing a Crystal Ball,1601627472,,photoshopbattles,j3qwrd,False
11,PsBattle: Jesus‚Äôs healing hands on Donald Trump,1601627388,,photoshopbattles,j3qw83,False
12,PsBattle:A hand balancing a Crystal Ball,1601626543,,photoshopbattles,j3qqnj,False
13,Strange lamb,1601626089,,photoshopbattles,j3qnr1,False
14,Psbattle: Jesus‚Äôs healing hands on Donald Trump,1601624646,,photoshopbattles,j3qel7,False
15,Jesus‚Äôs healing hands on Trump,1601624300,,photoshopbattles,j3qcd5,False
16,PsBattle: This fluffy cat,1601622917,,photoshopbattles,j3q3o1,False
17,Trump holding Hope Hicks' hands,1601622670,,photoshopbattles,j3q24n,False
18,Odd couple hmmmmmmmm,1601621018,,photoshopbattles,j3prij,False
20,PsBattle: Girl on a ridge,1601620592,,photoshopbattles,j3pokl,False
21,PsBattle: Reporting for Duty!,1601618017,,photoshopbattles,j3p72a,False
22,PsBattle: this fluffy dog standing there,1601617526,,photoshopbattles,j3p3gg,False
23,PsBattle: Man presenting a diploma to a seal,1601617454,,photoshopbattles,j3p2x6,False
24,PsBattle: kid with a party hat,1601616538,,photoshopbattles,j3ovhg,False
25,PsBattle: this dog that walked into 2020,1601615957,,photoshopbattles,j3oqql,False
26,Psbattle: this dog that walked into 2020,1601615908,,photoshopbattles,j3oqbv,False
27,This dog that walked into 2020,1601615759,,photoshopbattles,j3op2i,False
28,PsBattle: this redditors dog caught at a bad time,1601614689,,photoshopbattles,j3og2g,False
29,Psbattle: this redditors dog caught at a bad time,1601614595,,photoshopbattles,j3ofdy,False
30,Ps battle: This Redditors dog caught at a bad time,1601614513,,photoshopbattles,j3oets,False
31,PsBattle: The inside of this drawer,1601614472,,photoshopbattles,j3oej4,False
32,PsBattle: Table Tennis Player.,1601614442,,photoshopbattles,j3oeab,False
33,The inside of this desk drawer. (Xpost from r/mildlyinteresting by u/trevor-boy),1601614246,,photoshopbattles,j3ocv9,False
34,PsBattle: Sizor Grab,1601614062,,photoshopbattles,j3obji,False
35,PsBattle: this frumpy red boy,1601612322,,photoshopbattles,j3nyb7,False
36,PsBattle: shocked dog. But what have they seen,1601612084,,photoshopbattles,j3nwgc,False
37,PS Battle: photo of my friend I took atop a 2450ft mountain,1601611833,,photoshopbattles,j3nui0,False
38,This smiling hog...,1601611285,,photoshopbattles,j3npxk,False
39,PsBattle: This dog with worried look on his/her face,1601611170,,photoshopbattles,j3nowd,False
40,PsBattle: This dog,1601610718,,photoshopbattles,j3nlda,False
41,PsBattle: My girlfriend‚Äôs dog waking up.,1601608950,,photoshopbattles,j3n72o,False
42,PSbattle: My girlfriend‚Äôs dog getting woken up,1601607553,,photoshopbattles,j3mvjw,False
43,Cmon then :),1601607005,,photoshopbattles,j3mqx2,False
44,My daughter and her dog,1601605876,,photoshopbattles,j3mh67,False
45,Psbattle long doggy,1601605616,,photoshopbattles,j3mexl,False
46,Two fat cats,1601605364,,photoshopbattles,j3mcot,False
47,PsBattle: This Cautiously Stepping Cat,1601605363,,photoshopbattles,j3mcnv,False
48,PsBattle: This Cat,1601605312,,photoshopbattles,j3mc8i,False
49,Double Chonker,1601605173,,photoshopbattles,j3mb1f,False
50,PsBattle: This weird stock image,1601604779,,photoshopbattles,j3m7nx,False
52,PsBattle: This dog at daycare.,1601603794,,photoshopbattles,j3lyzp,False
53,PsBattle: My dog at daycare.,1601603537,,photoshopbattles,j3lwrj,False
54,This guy created a ‚Äúhow to‚Äù disarm an assailant and the video has gone viral. I wish I knew how to photoshop a penis lol photo comes from Facebook user Paul Vu,1601603232,,photoshopbattles,j3lu69,False
55,PsBattle: This sheepdog with a shaved head,1601602763,,photoshopbattles,j3lq22,False
57,He sad,1601602301,,photoshopbattles,j3lm11,False
58,PsBattle: Barack obama having a good day. I want you to screw that day up.,1601602249,,photoshopbattles,j3llk7,False
59,Obama having a good day. I want you to screw that day up,1601602202,,photoshopbattles,j3ll43,False
60,PsBattle: Steve in Smash bros Ultimate,1601601008,,photoshopbattles,j3lat2,False
61,PsBattle: Tabby cat shows his belly,1601600224,,photoshopbattles,j3l3ty,False
62,PsBattle: Dog with a Harry Potter book,1601598882,,photoshopbattles,j3kryp,False
63,PsBattle: Pupper with The Chamber of Secrets,1601598824,,photoshopbattles,j3krft,False
64,Dog wigh Harry Potter Book,1601598682,,photoshopbattles,j3kq4y,False
65,PsBattle: kid and a stick,1601598638,,photoshopbattles,j3kpqy,False
66,Psbattle: kid and a stick,1601598567,[deleted],photoshopbattles,j3kp1z,False
67,PSbattle: kid and a stick,1601598505,[deleted],photoshopbattles,j3kohz,False
68,Psbattles: my kid and a stick,1601598454,[deleted],photoshopbattles,j3ko0t,False
69,PS Battle: my kid and a stick,1601598361,[deleted],photoshopbattles,j3kn7z,False
70,LOL,1601597999,,photoshopbattles,j3kjy7,False
71,PsBattle: This reporter and green screen matched dress.,1601596337,,photoshopbattles,j3k4j7,False
72,PsBattle: Sleeping Cat,1601596191,,photoshopbattles,j3k34x,False
73,PSBattle: This reporter and her choice of dress color on a green screen.,1601596104,,photoshopbattles,j3k2cd,False
74,PsBattle: Hiker and mountain goat on Rocky Mountain,1601595659,,photoshopbattles,j3jy91,False
75,Psbattle: this aubergine,1601592364,,photoshopbattles,j3j3b3,False
76,Psbattle: Tom is screaming,1601591403,,photoshopbattles,j3ityl,False
77,Someone please photoshop this into a meme,1601589812,,photoshopbattles,j3icyl,False
78,PsBattle: Serena Williams,1601588091,,photoshopbattles,j3hud9,False
79,PsBattle: my cat doing a big ol‚Äô yawn,1601587646,,photoshopbattles,j3hpjl,False
80,PsBattle: Needy pug,1601587409,,photoshopbattles,j3hmzf,False
81,PsBattle:Needy pug,1601587338,,photoshopbattles,j3hm4m,False
82,PsBattle: A kitten on the run,1601587330,,photoshopbattles,j3hm1g,False
83,[Psbattle] needy pug,1601587273,,photoshopbattles,j3hlhv,False
84,Needy pug &lt;3,1601587191,,photoshopbattles,j3hklg,False
85,PsBattle: This cat doing a thing,1601586913,,photoshopbattles,j3hhm7,False
86,PsBattle: Bob Ross Dog,1601586877,,photoshopbattles,j3hh88,False
87,PsBattle: do whatever you want to my boi Hank,1601586622,[deleted],photoshopbattles,j3he9i,False
88,Do whatever you want to ma boy hank,1601586547,[deleted],photoshopbattles,j3hdfq,False
89,PsBattle: These two cats on shelves,1601586438,,photoshopbattles,j3hc9u,False
90,PsBattle - These two cats on shelves,1601586367,[deleted],photoshopbattles,j3hbfm,False
91,PsBattle: Let's see what you guys can do with this young man and his girlfriend.,1601586304,,photoshopbattles,j3haq3,False
92,PsBattle: Kitten Having a Yawn,1601586205,,photoshopbattles,j3h9jx,False
93,ps battle: kitten having a yawn,1601585996,[deleted],photoshopbattles,j3h744,False
94,PsBattle: My Cat Having a Yawn,1601585659,[deleted],photoshopbattles,j3h3ey,False
95,PsBattle: Angry Birds plane,1601581119,[deleted],photoshopbattles,j3fmr6,False
97,PsBattle: This Hammerhead shark.,1601580259,,photoshopbattles,j3fcoy,False
98,PSBattle: Please edit this face onto something,1601578540,[deleted],photoshopbattles,j3esqk,False
99,PsBattle: This person carved into a tree,1601577842,,photoshopbattles,j3ekso,False
0,tthttt,1601577605,,photoshopbattles,j3ei4d,False
1,PSBattle: edit this face onto something,1601577373,,photoshopbattles,j3efaz,False
2,Make your own flavor,1601576652,,photoshopbattles,j3e71y,False
3,PsBattle: Golden Gate Bridge Beach,1601576344,,photoshopbattles,j3e3h5,False
4,PsBattle: California wildfires at night,1601576099,[deleted],photoshopbattles,j3e0md,False
5,PsBattle: Pasta Gordon Ramsay,1601575983,[deleted],photoshopbattles,j3dz9o,False
6,PSbattles : these Egyptian officials using PS to add masks,1601575923,,photoshopbattles,j3dym6,False
7,PsBattle: This owl flying,1601575657,,photoshopbattles,j3dvhv,False
8,POTOSHOP this pirate right here,1601574330,,photoshopbattles,j3dfu4,False
9,The look ...,1601574137,,photoshopbattles,j3ddjy,False
10,PsBattle: Foggy Bridge,1601574124,,photoshopbattles,j3dde4,False
11,The üëÄ,1601574069,,photoshopbattles,j3dco4,False
12,PsBattle: Man holds his Blobfish,1601573942,,photoshopbattles,j3db73,False
13,PsBattle: someone photoshop this please,1601573771,,photoshopbattles,j3d98y,False
14,PsBattle: This running Leopard,1601573257,,photoshopbattles,j3d36e,False
15,PSbattle: This awkwardly stanced running Leopard,1601573174,[deleted],photoshopbattles,j3d27f,False
16,PsBattle: This Guy with an Animal Hairstyle,1601573040,,photoshopbattles,j3d0ng,False
17,PsBattle: can someone please photoshop this please? Thanks,1601572757,,photoshopbattles,j3cx7d,False
18,PsBattle: This extremely overweight Pikachu for sale,1601572533,,photoshopbattles,j3cue9,False
19,PsBattle: The Cairn Nebula flipping off the galaxy. Photo credit : Hubble,1601572139,,photoshopbattles,j3cpiz,False
20,PsBattle : The Carin Nebula flipping off the galaxy. Photo : Hubble,1601572045,,photoshopbattles,j3cod9,False
21,...,1601571946,,photoshopbattles,j3cn3w,False
22,PsBattle: Ayatollah biden,1601571821,,photoshopbattles,j3clhp,False
23,Ayatollah biden,1601571705,,photoshopbattles,j3ck2a,False
24,This nebula (Carnia Nebula) photographed by the hubble telescope flipping off the galaxy.,1601571670,[deleted],photoshopbattles,j3cjnf,False
25,PsBattle: A happy happy plane,1601571456,[deleted],photoshopbattles,j3ch21,False
26,Happy plane,1601571369,[deleted],photoshopbattles,j3cg17,False
27,PsBattle: Guy staring at another guy in a Crocodile costume,1601571272,,photoshopbattles,j3cevp,False
28,PsBattle. Please could someone photoshop this however? Thanks,1601571071,,photoshopbattles,j3ccda,False
29,PsBattle: A toy truck I found in the woods.,1601570792,,photoshopbattles,j3c98w,False
30,PsBattle: Yellow monitor lizards,1601570771,,photoshopbattles,j3c8zs,False
31,A truck toy I found in the forest.,1601570719,,photoshopbattles,j3c8eo,False
32,PsBattle: a spooky face spotted in space,1601570499,,photoshopbattles,j3c5sb,False
33,Spooky face spotted in space!!,1601570433,[deleted],photoshopbattles,j3c4yf,False
34,PsBattle: This wild encounter,1601570144,,photoshopbattles,j3c1hy,False
35,PsBattle: Hairless Cat,1601569079,,photoshopbattles,j3bp0u,False
36,PsBattle: this portal themed mirror,1601568670,,photoshopbattles,j3bk8s,False
37,PsBattles: this portal themed mirror,1601568627,,photoshopbattles,j3bjq0,False
38,PsBattle Someone please photoshop this,1601568080,[deleted],photoshopbattles,j3bdab,False
39,PsBattle: This Horrified Donut,1601566679,,photoshopbattles,j3axj6,False
40,PsBattle: Fluffy Doodle sleeping on the floor,1601566555,,photoshopbattles,j3aw40,False
41,PsBattle: This Donut,1601566527,,photoshopbattles,j3avtw,False
42,PsBattle: Mario encounters Steve,1601566425,,photoshopbattles,j3aumy,False
43,Praying Toad,1601566309,,photoshopbattles,j3at8v,False
44,PsBattle: My dog sleeping on the floor,1601566270,,photoshopbattles,j3assj,False
45,PsBattle: Chicken Barbie,1601566242,,photoshopbattles,j3asif,False
46,PsBattle: Steve's reveal in Super Smash Bros. Ultimate,1601566084,,photoshopbattles,j3aqqh,False
47,PS Battle: Chicken Barbie,1601566049,,photoshopbattles,j3aqbw,False
48,PsBattle : Steve's reveal in Super Smash Bros. Ultimate,1601566030,,photoshopbattles,j3aq3r,False
49,Steve's reveal in Super Smash Bros. Ultimate,1601565954,,photoshopbattles,j3apa1,False
50,PsBattle: Joe Biden,1601565265,,photoshopbattles,j3ahgu,False
51,PS Battle: Joe Biden,1601565223,,photoshopbattles,j3agyw,False
52,This cat Stock in a Couch.,1601565126,,photoshopbattles,j3afti,False
53,"PsBattle A babushka, a fighter jet, a church, a lada, a military trailer... (r/ANormalDayInRussia ‚Ä¢ Posted by u/quick_justice. Can't cross post in this sub.)",1601564941,,photoshopbattles,j3adl3,False
54,PsBattle: girl on couch in lingerie,1601564830,,photoshopbattles,j3acd4,False
55,PsBattle: grumpy cat with no hair,1601564829,,photoshopbattles,j3accr,False
56,"Psbattle A babushka, a fighter jet, a church, a lada, a military trailer... (r/ANormalDayInRussia ‚Ä¢ Posted by u/quick_justice. Can't cross post in this sub.)",1601564829,,photoshopbattles,j3accp,False
57,"A babushka, a fighter jet, a church, a lada, a military trailer... (r/ANormalDayInRussia ‚Ä¢ Posted by u/quick_justice. Can't cross post in this sub.)",1601564747,,photoshopbattles,j3abfx,False
58,PsBattle: falling man,1601564468,,photoshopbattles,j3a82e,False
59,Yellow monitor lizards,1601564434,,photoshopbattles,j3a7o6,False
60,Falling man,1601564182,,photoshopbattles,j3a4qa,False
61,Sauron cat,1601563418,,photoshopbattles,j39w61,False
62,PsBattle: This cat after a long day,1601562172,,photoshopbattles,j39i88,False
63,PsBattle: Goalkeeper holding the teammate's head.,1601561147,,photoshopbattles,j396ww,False
64,PsBattle: This Woman Eating a Dragonfly,1601560189,,photoshopbattles,j38wv0,False
65,"PsBattle: The top of this face, upside down, also looks like a face",1601559608,,photoshopbattles,j38r2a,False
66,PsBattle: This strange tree,1601559336,,photoshopbattles,j38oem,False
67,This strange tree,1601559262,,photoshopbattles,j38nom,False
69,Onlyfans subscribers needed üíã,1601551463,,photoshopbattles,j36pix,False
70,"PsBattle: this cloud during night, credit u/akvarista11",1601550840,,photoshopbattles,j36kt6,False
71,This dogü§£,1601547568,,photoshopbattles,j35wfc,False
73,PsBattle: A man lost in the horizon,1601544457,,photoshopbattles,j35azm,False
74,PsBattle: First World War sailor with a fish stunned by the explosion of a depth charge,1601543240,,photoshopbattles,j3535c,False
75,First World War sailor with a fish stunned by the explosion of a depth charge,1601542815,,photoshopbattles,j350fc,False
76,PsBattle: Hong Kong Protester holding a yellow balloon,1601542729,,photoshopbattles,j34zvl,False
77,"PsBattle: This duck looking cloud, credit u/akvarista11",1601542365,,photoshopbattles,j34xo6,False
78,PsBattle: This baby being thrown extra high,1601541970,,photoshopbattles,j34v5q,False
79,Ps battle: This baby being thrown extra high,1601541932,,photoshopbattles,j34uwr,False
81,PsBattle: This man in his waterproofs,1601541885,,photoshopbattles,j34um1,False
82,"This duck looking cloud, credit u/akvarista11",1601541587,,photoshopbattles,j34sm9,False
83,PsBattle: this Surinam Horned Frog,1601541010,,photoshopbattles,j34p62,False
84,"PsBattle: ""Hypnotoad"" (credit: u/MTPokitz)",1601540325,,photoshopbattles,j34kyq,False
86,This man wearing his water proofs,1601539725,,photoshopbattles,j34h9z,False
87,PsBattle: this statue of pope in Poland,1601539201,,photoshopbattles,j34dqr,False
88,This Pope statue in Poland,1601539067,,photoshopbattles,j34cun,False
89,PsBattle: This squirrel and its peanut,1601538303,,photoshopbattles,j347zk,False
90,PSBattle: This squirrel and its peanut,1601538208,,photoshopbattles,j347ea,False
91,PsBattle: White Moose,1601537795,,photoshopbattles,j344mw,False
92,PsBattle: majestic white moose,1601537502,,photoshopbattles,j342lj,False
93,PsBattle: A rare white moose in sweden majestic as fuck,1601537442,,photoshopbattles,j3423x,False
94,PsBattle A rare white moose in sweden majestic as fuck,1601537352,,photoshopbattles,j341gr,False
95,A rare white moose in sweden majestic as fuck,1601536428,,photoshopbattles,j33utc,False
96,PsBattle: This demon dog,1601535824,,photoshopbattles,j33q8d,False
97,PsBattle this demon dog,1601535767,,photoshopbattles,j33ptl,False
98,Psbattle this demon looking dog,1601535709,,photoshopbattles,j33pda,False
99,This demon looking dog,1601535654,,photoshopbattles,j33ovk,False
0,Let‚Äôs have fun tonight! Subscribe https://onlyfans.com/lovenaomii üíã,1601535202,,photoshopbattles,j33lma,False
1,PsBattle: This endangered Maned Wolf,1601534287,,photoshopbattles,j33f54,False
2,Rate this work at instagram @8bithardproductions,1601534132,,photoshopbattles,j33e1f,False
3,PsBattle: NakeyJakey and Michael Reeves,1601533980,,photoshopbattles,j33cz2,False
5,PsBattle: This Frog from r/NatureIsFuckingLit,1601533247,,photoshopbattles,j337qk,False
6,This Frog from r/NatureIsFuckingLit,1601533158,,photoshopbattles,j336zi,False
8,PsBattle: Dude eating hotdog,1601532289,,photoshopbattles,j330s3,False
9,PsBattle: My husband,1601532215,,photoshopbattles,j3307r,False
10,Psbattle: Please help me fix this pic of my husband !!,1601531980,,photoshopbattles,j32ygt,False
11,PsBattle: these human looking rocks,1601531895,,photoshopbattles,j32xu8,False
12,Please help ! Someone make this a dick !!,1601531721,,photoshopbattles,j32wmd,False
13,PsBattle: Lebron James and Anthony Davis,1601530101,,photoshopbattles,j32kpn,False
14,Psbattle: Man that looks like Bernie,1601529776,,photoshopbattles,j32i7r,False
15,jack o lanterns to get in the halloween spirit,1601528729,,photoshopbattles,j32a4b,False
16,PsBattle: Bridge surrounded by nature.,1601527031,,photoshopbattles,j31wvt,False
17,Should I add anything?,1601526693,,photoshopbattles,j31u6p,False
18,PsBattle: Bridge,1601526106,,photoshopbattles,j31pez,False
19,PsBattle: Sad naked man,1601525978,,photoshopbattles,j31oaa,False
20,Psbattle: Sad naked man,1601525904,,photoshopbattles,j31nou,False
21,PS-battle:bridge,1601525127,,photoshopbattles,j31h8t,False
22,please edit something funny,1601523932,,photoshopbattles,j31716,False
23,PsBattle: Dog with shuttlecock on its nose,1601523877,,photoshopbattles,j316k2,False
24,edit this for something positive - i feel a bit depressed,1601523032,,photoshopbattles,j30z55,False
25,Long doggy,1601522849,,photoshopbattles,j30xlb,False
26,Sunset and Reflection.,1601522453,,photoshopbattles,j30u6z,False
27,PsBattle: cat with a hat on,1601520811,,photoshopbattles,j30fq5,False
28,"PsBattle: "".tree carving",1601518416,,photoshopbattles,j2ztsw,False
29,PsBattle: BUP,1601518319,,photoshopbattles,j2zswo,False
30,PaBattle: BUP,1601518270,,photoshopbattles,j2zsgu,False
31,PsBattle:tree art,1601518231,,photoshopbattles,j2zs4i,False
32,Psbattles: long remmy,1601518174,,photoshopbattles,j2zrko,False
33,PsBattle: This Crab Super Villain,1601518012,,photoshopbattles,j2zq59,False
34,this 109 year old tree art,1601517942,,photoshopbattles,j2zpib,False
35,PsBattle: French Rugby Player Mohamed Haouas hitting Scottish Rugby Player Jamie Ritchie with a straight right,1601517126,,photoshopbattles,j2zi1h,False
36,PsBattle: Cat posing for spooky season,1601516828,,photoshopbattles,j2zfex,False
37,PsBattle: our family cat while decorating for Fall,1601516717,,photoshopbattles,j2zeel,False
38,PsBattle: The President open mouth breathing,1601515975,,photoshopbattles,j2z7b2,False
39,PsBattle: The President(2020),1601515912,,photoshopbattles,j2z6pv,False
40,Psbattle: The President (2020),1601515885,,photoshopbattles,j2z6ge,False
41,PsBattle: Jollibee Sign Beside the Road,1601514839,,photoshopbattles,j2yx1r,False
42,PsBattle: u/MadJoeMak's grandpa using VR with Googly Eyes,1601513155,,photoshopbattles,j2yh8c,False
43,PSBattle: u/MadJoeMak's Grandparents using VR with googly eyes.,1601512905,,photoshopbattles,j2yevl,False
44,PsBattle: kitten stares at shadow,1601512611,,photoshopbattles,j2yc3g,False
45,PsBattle: kitten mesmerized by shadow,1601511396,,photoshopbattles,j2y0hg,False
46,Psbattle: cat wearing a hat,1601509731,,photoshopbattles,j2xkdx,False
47,"PsBattle: This reddit post, about a reddit post on a billboard",1601508917,,photoshopbattles,j2xcdx,False
48,"This reddit post, about a reddit post, on a billboard",1601508805,,photoshopbattles,j2xbby,False
49,Photoshop battles cat with hat,1601508069,,photoshopbattles,j2x48l,False
50,PsBattle: This black panther and a leopard standing,1601506852,,photoshopbattles,j2wse9,False
51,PsBattle: Three headed carrot,1601506288,,photoshopbattles,j2wmob,False
52,PsBattle: This carrot,1601506132,,photoshopbattles,j2wkwl,False
53,PsBattle: Newlyweds with their newly destroyed car,1601504652,,photoshopbattles,j2w5b8,False
54,Newlyweds in front of their burning car,1601504541,,photoshopbattles,j2w469,False
55,This *fallow* deer had no shame in asking for snacks!,1601503144,,photoshopbattles,j2voqc,False
56,PsBattle: This Horned Skull grille ornament,1601502955,,photoshopbattles,j2vmoj,False
57,PsBattle: Look up comments,1601502954,,photoshopbattles,j2vmob,False
58,PsBattle: This horned skull grille ornament,1601502857,,photoshopbattles,j2vlmv,False
59,PsBattle: student id card. Please look up the comments,1601502847,,photoshopbattles,j2vlin,False
60,PsBattle: these army men,1601502822,,photoshopbattles,j2vl8y,False
61,PsBattle: I need some funny ideas to use on my student ID card. This picture is just the first thing I could think of and know that I can do better,1601502753,,photoshopbattles,j2vkkc,False
62,I need some funny ideas to use on my student ID card. This picture is just the first thing I could think of and know that I can do better,1601502698,,photoshopbattles,j2vjz8,False
63,PsBattle: Baby Yoda with a gun,1601502337,,photoshopbattles,j2vg5m,False
64,PsBattle: Newlywed couple in front of their burning car,1601501799,,photoshopbattles,j2vafl,False
65,PsBattle: Putin‚Äôs Puppy,1601501207,,photoshopbattles,j2v427,False
66,PsBattle: Real life hot Chito‚Äôs Cheetah,1601501166,,photoshopbattles,j2v3kj,False
68,PsBattle: Newley wedded in front of their burning car,1601500442,,photoshopbattles,j2uvdc,False
69,PsBattle: Googly-Eyed Grandparents (u/MadJoeMak),1601500117,,photoshopbattles,j2urvw,False
70,PsBattle: this one minute old newborn,1601499689,,photoshopbattles,j2un5z,False
71,PsBattle: this baby,1601499460,,photoshopbattles,j2uklu,False
72,Psbattle: long remmy,1601499385,,photoshopbattles,j2ujsr,False
73,Do what you do Reddit make the ratapeide,1601499274,,photoshopbattles,j2uind,False
74,PsBattle: An orange slug,1601497782,,photoshopbattles,j2u1to,False
75,PsBattle: Happy slug,1601497277,,photoshopbattles,j2tw8e,False
76,"He was drowning In my soda, the best he can do was give me a photo shoot !",1601496795,,photoshopbattles,j2tqr5,False
77,PsBattle: This T H I C C bird,1601496689,,photoshopbattles,j2tpkf,False
78,PsBattle: These swimmers sitting,1601496640,,photoshopbattles,j2tp1j,False
79,PsBattle:This T H I C C bird,1601496597,,photoshopbattles,j2toli,False
80,PsBattle: this attitude adjuster,1601496588,,photoshopbattles,j2toi3,False
81,Trump at the debate.,1601496550,,photoshopbattles,j2to2r,False
82,PS battle:This T H I C C bird,1601496541,,photoshopbattles,j2tnzf,False
83,PsBattle: happy cheetah,1601496451,,photoshopbattles,j2tmzb,False
84,PsBattle Happy Cheetah,1601496399,,photoshopbattles,j2tme4,False
85,Psbattle happy cheetah,1601496347,,photoshopbattles,j2tlu0,False
86,Happy cheetah,1601496285,,photoshopbattles,j2tl5p,False
87,PsBattle: The queen firing a rifle,1601496238,,photoshopbattles,j2tklk,False
88,This photo of the American president.,1601495980,,photoshopbattles,j2thnn,False
89,PsBattle: tiny Bruno Mars,1601495621,,photoshopbattles,j2tdq3,False
90,PsBattle: These two poorly drawn shapes with faces.,1601495087,,photoshopbattles,j2t7r5,False
91,Psbattle: These two poorly drawn shapes with faces,1601494431,,photoshopbattles,j2t0g1,False
92,these poorly drawn shapes with faces,1601494228,,photoshopbattles,j2sy23,False
93,PsBattle: cat taking a nap,1601494199,,photoshopbattles,j2sxp1,False
94,Two bears roaring at each other,1601493247,,photoshopbattles,j2sn3u,False
95,PsBattle: Nazis and milk.,1601493221,,photoshopbattles,j2smtr,False
96,PsBattle: Little girl in tutu holding colored straws,1601492823,,photoshopbattles,j2si7s,False
97,14 wind turbines in a row,1601492757,,photoshopbattles,j2shfg,False
98,"PsBattle: ""The only thing missing is a low res purple tone background picturing a sunset and the animation of this car going over Golden Gate Bridge""",1601491608,,photoshopbattles,j2s43x,False
99,"""The only thing missing is a low res purple tone background picturing a sunset and the animation of this car going over Golden Gate Bridge""",1601491515,,photoshopbattles,j2s31h,False
1,PsBattle: this wind turbine,1601490495,,photoshopbattles,j2rrb6,False
2,PsBattle: smiling cheetah,1601490452,,photoshopbattles,j2rqsk,False
3,Photoshop,1601490383,,photoshopbattles,j2rq1w,False
4,PsBattle: Wind turbines in a row,1601490344,,photoshopbattles,j2rpno,False
5,PsBattle: person leaning over while talking,1601490103,,photoshopbattles,j2rmxq,False
6,PsBattle: person leaving over while talking,1601490075,,photoshopbattles,j2rmm6,False
7,PsBattle: This happy little hedgehog,1601489969,,photoshopbattles,j2rlf0,False
8,PsBattle: 3 people watching TV in a sea of popcorn,1601489658,,photoshopbattles,j2ri5v,False
9,PsBattle: wind turbines,1601489559,,photoshopbattles,j2rh2u,False
10,IDimager Photo Supreme 5.5.1.3157 Crack Portable Full [Latest],1601488959,,photoshopbattles,j2ra07,False
11,PsBattle: io shirai vs rhea ripley,1601488606,,photoshopbattles,j2r5sg,False
12,PsBattle: Bunny in a Box,1601487983,,photoshopbattles,j2qyfs,False
13,PsBattle: Picture of a squirrel eating grass.,1601487913,,photoshopbattles,j2qxmu,False
14,PsBattle: Screaming Animal,1601487809,,photoshopbattles,j2qwc3,False
15,pikachu flying with baloons,1601487228,,photoshopbattles,j2qpe0,False
16,PsBattle: A nice place to sit!,1601486827,,photoshopbattles,j2qkkt,False
17,This super villan made out of crab,1601486688,,photoshopbattles,j2qj1l,False
18,PsBattle: Butterfly,1601486620,,photoshopbattles,j2qi8z,False
20,PsBattle: Chicken Headed Wolf,1601486090,,photoshopbattles,j2qby7,False
21,Hey! I need help photoshoping the contents of a vitamin water bottle label. I have a digital photo scanned version of the image. It‚Äôs gonna be printer and used to cheat on tests by changing the text. It‚Äôs gonna be fun! Let me know if you‚Äôre able to help.,1601485758,,photoshopbattles,j2q80j,False
22,The tennis field,1601485454,,photoshopbattles,j2q4g6,False
23,PsBattle: this round egg,1601484733,,photoshopbattles,j2pw4p,False
24,Psbattle: this round egg,1601484671,,photoshopbattles,j2pvg9,False
25,Ps Battles: this round egg,1601484584,,photoshopbattles,j2pugx,False
26,PsBattle: Door to Nowhere,1601484486,,photoshopbattles,j2ptd2,False
27,Door to nowhere,1601484384,,photoshopbattles,j2ps7x,False
28,"PsBattle: First ""photoshop"" attempt - new ZenBook - Paint 3D - critiques welcome",1601484256,,photoshopbattles,j2pqnl,False
29,Google Image Result for https://www.pcinvasion.com/wp-content/uploads/2020/03/The-Gulag-Warzone.jpg,1601484167,,photoshopbattles,j2pphy,False
30,PS battle: puppy playing with husky (low quality),1601484105,,photoshopbattles,j2pota,False
31,"PsBattle: First ""photoshop"" attempt with new ZenBook on Paint 3D. Critiques welcome!",1601483875,,photoshopbattles,j2pm5w,False
32,"PsBattle: First ""photoshop"" attempt with new ZenBook - Hopefully Someone enjoys this as much as I do! Any critiques welcome! https://imgur.com/gallery/qGYQv7N",1601483706,,photoshopbattles,j2pk6u,False
33,PsBattle: 3 guys watching TV in a sea of popcorn,1601483482,,photoshopbattles,j2phi9,False
34,PsBattle: Evil Kitten,1601483021,,photoshopbattles,j2pc7p,False
35,"My First ""photoshop"" attempt on my new ZenBook - Hopefully someone enjoys this as much as I do!!! Any critiques welcomed!!!",1601482813,,photoshopbattles,j2p9t1,False
36,PsBattle: Queen Elizabeth II firing a British L85 Battle rifle,1601482201,,photoshopbattles,j2p2nr,False
37,PsBattle: coronavirus art,1601480958,,photoshopbattles,j2onx3,False
38,PsBattle: Freddie Gibbs,1601480568,,photoshopbattles,j2ojgp,False
39,PsBattle: This Irrawaddy Dolphin,1601480366,,photoshopbattles,j2oh6g,False
40,PsBattle: Microsoft Teams,1601480063,,photoshopbattles,j2odsd,False
41,"PsBattle: This picture of Mikhail Kalashnikov, the Soviet inventor of the AK",1601479808,,photoshopbattles,j2oavd,False
42,"PsBattle. This picture of Mikhail Kalashnikov, the Soviet inventor of the AK",1601479776,,photoshopbattles,j2oaiq,False
43,"This picture of Mikhail Kalashnikov, the Soviet inventor of the AK",1601479716,,photoshopbattles,j2o9um,False
44,PsBattle: Whip made of Ethernet cables,1601479405,,photoshopbattles,j2o6h0,False
45,PsBattle: Don't do it on normal software,1601479154,,photoshopbattles,j2o3oq,False
46,PsBattle: Snapchat battle,1601479028,,photoshopbattles,j2o2dc,False
47,PsBattle: Didn't have photoshop so I painfully did this on snapchat XD. Let me tell you...it took so f*kn long.,1601478888,,photoshopbattles,j2o0u1,False
48,PsBattle: Angel with a 9 year old,1601478697,,photoshopbattles,j2nypc,False
49,Don't have photoshop so I painfully did this all on Snapchat XD. Let me tell you... it took so f*kn long.,1601478530,,photoshopbattles,j2nwq6,False
50,PsBattle: This crab people,1601478306,,photoshopbattles,j2ntyt,False
51,PsBattle: This smiling cheetah.,1601476605,,photoshopbattles,j2nb7u,False
52,PsBattle: Effects of smoke from California,1601476467,,photoshopbattles,j2n9p0,False
53,PSbattles: Effects of smoke from California fires,1601476399,,photoshopbattles,j2n8xg,False
54,PsBattle: duck face,1601476363,,photoshopbattles,j2n8hk,False
55,PsBattle: Lion Cub Protecting It‚Äôs Mother,1601476119,,photoshopbattles,j2n5ne,False
56,PsBattle: A black-headed gull in flight,1601476007,,photoshopbattles,j2n4f5,False
57,Arctic fox during a coat change from winter to summer,1601474179,,photoshopbattles,j2mkna,False
58,PsBattle: The Queen of England firing a machine gun,1601473985,,photoshopbattles,j2miq1,False
59,The Queen of England firing a machine gun,1601473920,,photoshopbattles,j2mi1w,False
60,My first photo shop,1601473157,,photoshopbattles,j2ma7u,False
61,PsBattle: Squirrel in the park,1601472654,,photoshopbattles,j2m57h,False
62,PsBattle: Queen Elizabeth II firing a rifle.,1601472549,,photoshopbattles,j2m42v,False
63,PsBattle: This cat with head in paws and really dilated pupils,1601471960,,photoshopbattles,j2ly7y,False
64,PsBattle: this dog with its car.,1601471399,,photoshopbattles,j2lssi,False
65,PsBattle: Football interception with diving receiver,1601471208,,photoshopbattles,j2lqzd,False
66,PsBattle: sad toad,1601471132,,photoshopbattles,j2lqa0,False
67,PsBattle: Two cats chilling on a toilet,1601470796,,photoshopbattles,j2ln24,False
68,PsBattle: Our cats chilling on the toilet together.,1601470605,,photoshopbattles,j2llcy,False
69,PsBattle: Donald Trump speaking during presidential debate,1601470102,,photoshopbattles,j2lgkg,False
70,PsBattle: Donald Trump speaking at the presidential debate,1601470013,,photoshopbattles,j2lftd,False
71,PsBattle: a man and his mighty steed,1601469695,,photoshopbattles,j2lcyp,False
72,PsBattle: This lion and its cub,1601468358,,photoshopbattles,j2l11w,False
73,PsBattle: Mirror on a doorway at the beach,1601468033,,photoshopbattles,j2kygw,False
74,Photoshopped my stupid cat,1601467914,,photoshopbattles,j2kxim,False
75,This cat that is sleeping on a window,1601467696,,photoshopbattles,j2kvns,False
76,Ma cat,1601467555,,photoshopbattles,j2kuix,False
77,Shiba Inu Wearing Helmet,1601465309,,photoshopbattles,j2kd5j,False
79,PsBattle: Police getting spray painted and flipped finger,1601464792,,photoshopbattles,j2k9c0,False
80,Who can do it tho üëÄ,1601463747,,photoshopbattles,j2k1ge,False
81,Me In Vegas Last Night,1601460139,,photoshopbattles,j2jcd5,False
82,the portal to the new island,1601458983,,photoshopbattles,j2j3yk,False
83,PsBattle: An oddly distressed looking baby,1601457690,,photoshopbattles,j2iv14,False
85,PsBattle: u/animrast's cat sitting,1601456214,,photoshopbattles,j2ilx0,False
86,PsBattle: r/animrast's cat sitting,1601456157,,photoshopbattles,j2iljf,False
87,PsBattle: This kitten with crossed paws.,1601452921,,photoshopbattles,j2i13g,False
88,PSbattles: This Llama covering a person,1601452284,,photoshopbattles,j2hwuq,False
89,PsBattle: Bernie watching a presidential debate between Trump and the Democratic nominee,1601450545,,photoshopbattles,j2hkbi,False
90,PsBattle: an owl without feathers,1601449537,,photoshopbattles,j2hd5o,False
91,PsBattle: this plump bird,1601448818,,photoshopbattles,j2h87h,False
92,PsBattle: This Arctic fox during coat change from winter to summer.,1601446593,,photoshopbattles,j2gsje,False
93,PsBattle: TL;DW version of tonight‚Äôs debate,1601445569,,photoshopbattles,j2gl78,False
94,Psbattle: I paused the debate at the perfect time tonight. Do your worst,1601445470,,photoshopbattles,j2gkij,False
95,Paused the debate at the perfect time. Do your worst,1601444942,,photoshopbattles,j2ggn2,False
96,PsBattle: This cat using a litterbox,1601444818,,photoshopbattles,j2gfp6,False
97,This cat pooping in a litterbox,1601444711,,photoshopbattles,j2gex2,False
98,PsBattle: This girl and bear cuddling.,1601444383,,photoshopbattles,j2gcf3,False
99,PsBattle: Twerking Dog,1601444208,,photoshopbattles,j2gb23,False
0,PSBattle: twerking dog,1601444165,,photoshopbattles,j2gapp,False
1,PsBattle: A girl wearing a cosmetic face mask,1601441771,,photoshopbattles,j2fs1r,False
2,A girl wearing a cosmetic face mask,1601441500,,photoshopbattles,j2fpxf,False
3,A,1601441076,,photoshopbattles,j2fmf4,False
5,PsBattle: Cook watching a fight from behind the kitchen,1601439637,,photoshopbattles,j2fabt,False
6,PsBattle: this dog in a purse,1601439340,,photoshopbattles,j2f7ug,False
7,PSbattle:this dog with its car.,1601438768,,photoshopbattles,j2f2oq,False
8,This dog with its car.,1601438713,,photoshopbattles,j2f281,False
9,PsBattle: this elk with moss in its antlers,1601438277,,photoshopbattles,j2eycv,False
10,Yeah... uh... do your thang.,1601437207,,photoshopbattles,j2eopx,False
11,PsBattle: a kitten in the middle of licking his leg,1601437013,,photoshopbattles,j2emtp,False
12,PsBattle: this kitten,1601436897,,photoshopbattles,j2elr2,False
13,PsBattle: My kitten,1601436828,,photoshopbattles,j2el4i,False
14,Ps Battle: Sassy Gorilla,1601436002,,photoshopbattles,j2edf7,False
15,PS Battle this sassy gorilla,1601435936,,photoshopbattles,j2ecsl,False
16,PsBattle Buff Michelin Man,1601435897,,photoshopbattles,j2ecft,False
17,Psbattle Buff Michelin Man,1601435827,,photoshopbattles,j2ebu2,False
18,Buff Michelin Man,1601435744,,photoshopbattles,j2eb1h,False
19,PsBattle: Setting yourself on fire,1601435379,,photoshopbattles,j2e7nk,False
20,"PsBattle: This beautiful, and sassy, silverback gorilla",1601435244,,photoshopbattles,j2e6ci,False
21,My kitten,1601434770,,photoshopbattles,j2e1qc,False
22,try to edit,1601434610,,photoshopbattles,j2e07n,False
23,PSBattle: Trump losing the debate,1601434556,,photoshopbattles,j2dzp4,False
24,PsBattle: This Smushed Shiba Pillow,1601434518,,photoshopbattles,j2dzcx,False
25,PsBattle: weird sit but ok,1601434500,,photoshopbattles,j2dz6q,False
26,Checkmate,1601434415,,photoshopbattles,j2dydz,False
27,Ps battle: weird sits,1601434401,,photoshopbattles,j2dy8p,False
28,Ps battle: a normal feline,1601432936,,photoshopbattles,j2dkj8,False
29,Battle with this reddit,1601432832,,photoshopbattles,j2djl4,False
30,PsBattle: This rat standing on their hind legs.,1601432769,,photoshopbattles,j2dj00,False
31,Just a normal pic of a animal,1601432753,,photoshopbattles,j2div3,False
32,Just a normal cat,1601432686,,photoshopbattles,j2di8v,False
33,Do what you want with this pic I have no idea what he is doing,1601432569,,photoshopbattles,j2dh5u,False
34,PsBattle: The Great American Game Show,1601431992,,photoshopbattles,j2dbx3,False
35,PsBattle: Dumbass In a mask,1601431963,,photoshopbattles,j2dbmz,False
36,PsBattle: Cat standing up,1601431819,,photoshopbattles,j2dae5,False
37,PsBattle: Cat standing up to check out what's going on over there.,1601431740,,photoshopbattles,j2d9o9,False
38,PsBattle: Trump and Biden love each other,1601431672,,photoshopbattles,j2d91o,False
39,PsBattle: Biden becomes anime,1601431625,,photoshopbattles,j2d8mk,False
40,PsBattle: Biden,1601431560,,photoshopbattles,j2d7z5,False
41,Ps battle; Dumbass in a mask,1601431543,,photoshopbattles,j2d7u6,False
42,Drone Technologies,1601431532,,photoshopbattles,j2d7om,False
43,PsBattle: This spirit of the forest,1601431463,,photoshopbattles,j2d73t,False
44,PSBattle Biden,1601431463,,photoshopbattles,j2d73k,False
46,Ps battle Biden,1601431391,,photoshopbattles,j2d6fa,False
47,Biden,1601431341,,photoshopbattles,j2d5zh,False
48,HELLO PEOPLE CONOOOOOOOO Y NNO DE ICE CREAM,1601431222,,photoshopbattles,j2d4y4,False
49,Realistic 3D Avatar | Photoshop Tutorial 2020,1601431044,,photoshopbattles,j2d38u,False
50,Buy Facebook Reviews ( Real 100% Non drop Reviews Service),1601429475,,photoshopbattles,j2cplr,False
51,Grab your camera and get started!,1601427190,,photoshopbattles,j2c5h2,False
52,Buff yoga man,1601426337,,photoshopbattles,j2bx3a,False
53,"For people how wants to earn money from just taking a photos see the link: https://tinyurl.com/y227vwyt ,Grab your camera and get started!..",1601426224,,photoshopbattles,j2bvxh,False
54,PsBattle: North Korean Perfume AD,1601425788,,photoshopbattles,j2brne,False
55,PsBattle: north korean perfume ad,1601425466,,photoshopbattles,j2bomq,False
56,north korean perfume ad,1601425379,,photoshopbattles,j2bns8,False
57,PsBattle: This massive vertical jump from an amateur AFL player celebrating a goal,1601422922,,photoshopbattles,j2azls,False
58,This massive vertical jump from an amateur AFL player,1601422741,,photoshopbattles,j2axsu,False
59,PsBattle: Face of WTF,1601422566,,photoshopbattles,j2aw2u,False
60,PsBattle: Myself attempting the pog meme,1601422427,,photoshopbattles,j2aumv,False
61,PsBattle: Trump eating a hotdog,1601422390,,photoshopbattles,j2au9m,False
62,PsBattle: Barn swallows staring down,1601419289,,photoshopbattles,j29yk9,False
63,PsBattle: Barn swallows staring you down,1601419177,,photoshopbattles,j29x9b,False
64,This rat with a helmet.,1601418400,,photoshopbattles,j29pap,False
65,PsBattle: Guy in a Hygiene Suit.,1601417943,,photoshopbattles,j29kef,False
66,granny is under arrest,1601417830,,photoshopbattles,j29j7a,False
67,PsBattle: Smiling for the camera,1601417269,,photoshopbattles,j29d9g,False
68,PsBattle: This Cheetah falling out of a tree,1601417229,,photoshopbattles,j29cuj,False
69,PsBattle: My dog smiling for the camera,1601417070,,photoshopbattles,j29b5u,False
70,PsBattle: Australian Rules Footballer celebrating a goal with an insane vertical leap,1601416965,,photoshopbattles,j29a0z,False
71,PsBattle: a sleeping kitten,1601416925,,photoshopbattles,j299l0,False
72,PsBattle: A cat with too many gotdang toes,1601416892,,photoshopbattles,j2997y,False
73,PsBattles: ITAP of a sleeping kitten,1601416856,,photoshopbattles,j298te,False
74,ITAP of a sleeping kitten,1601416696,,photoshopbattles,j2971d,False
75,congratulations you won first placeü§£,1601416340,,photoshopbattles,j29354,False
76,"PsBattle: One 3 month old puppy, one Newfy",1601416124,,photoshopbattles,j290p3,False
77,PsBattle: This child being thrown into the air by her dad,1601414719,,photoshopbattles,j28kzl,False
78,PsBattle: Picture of a dog in a pool screaming.,1601413334,,photoshopbattles,j2856s,False
79,PsBattle: Picture of a pump with a hat on it.,1601413114,,photoshopbattles,j282mq,False
80,PsBattle: Make my Grandpa More Badass,1601413108,,photoshopbattles,j282kf,False
81,Psbattle: This picture of a water pump with a hat on it.,1601413043,,photoshopbattles,j281sf,False
82,Try to do this thing with a hat on it.,1601412926,,photoshopbattles,j280fp,False
83,Guy walking from forest,1601412508,,photoshopbattles,j27vki,False
84,PsBattle: Astronaut,1601412218,,photoshopbattles,j27sa0,False
85,Does anyone want to fix this up?,1601411484,,photoshopbattles,j27jzx,False
86,PsBattle: This tree house,1601411139,,photoshopbattles,j27fxb,False
87,PsBattle: A Wild Encounter,1601411086,,photoshopbattles,j27fas,False
88,PsBattle: A very fluffy bunny,1601411006,,photoshopbattles,j27ef9,False
89,PsBattle: Very floofy bunny,1601410828,,photoshopbattles,j27c9n,False
90,A wild encounter,1601410742,,photoshopbattles,j27b9e,False
91,PsBattle: This family of swans,1601410736,,photoshopbattles,j27b78,False
93,PsBattle:A very fluffy bunny,1601410404,,photoshopbattles,j277ei,False
94,Do not.,1601410225,,photoshopbattles,j275e9,False
95,PsBattle: A really Buff Bunny holding some sausages,1601410085,,photoshopbattles,j273r7,False
96,PsBattle: These two cats sleeping,1601410081,,photoshopbattles,j273q0,False
97,Biscuit bunny Holding some sausages,1601409976,,photoshopbattles,j272ip,False
98,Do something with this... thing?,1601409922,,photoshopbattles,j271v5,False
99,PsBattle: A supercat,1601409852,,photoshopbattles,j2711t,False
0,PsBattle: This supercat.,1601409508,,photoshopbattles,j26wyx,False
1,This supercat,1601409400,,photoshopbattles,j26vqr,False
2,PsBattle: This llama with a machinegun.,1601408988,,photoshopbattles,j26r19,False
3,Last winter going out our driveway.,1601408746,,photoshopbattles,j26o9z,False
4,PsBattle: Freddie Gibbs about to start naruto-running,1601408519,,photoshopbattles,j26lno,False
5,This cat felt the wrath of Korea,1601408299,,photoshopbattles,j26j5w,False
6,STAY AWAY,1601408180,,photoshopbattles,j26hst,False
7,PsBattle: Captain Kitty,1601408128,,photoshopbattles,j26h73,False
8,Captain kitty,1601408054,,photoshopbattles,j26gbu,False
9,PsBattle: A scared for life cat,1601407929,,photoshopbattles,j26evi,False
10,PsBattle: Babushka and motorcycle,1601407672,,photoshopbattles,j26bwe,False
11,PsBattle: This donkey enjoying the sun in his pen.,1601407625,,photoshopbattles,j26bcr,False
12,Crabs,1601407545,,photoshopbattles,j26agy,False
13,PsBattle: This donkey.,1601407523,,photoshopbattles,j26a7v,False
15,DON'T DO IT,1601407272,,photoshopbattles,j267d0,False
16,PsBattle: This fishing rod holder,1601407142,,photoshopbattles,j265u0,False
17,PsBattle: annoyed cat trying to nap,1601407070,,photoshopbattles,j264zt,False
18,PS Battle: This fishing rod holder,1601407059,,photoshopbattles,j264vl,False
19,PsBattle: This donkey with a face on his face.,1601406955,,photoshopbattles,j263o7,False
20,Psbattle: This donkey with a face on his face.,1601406834,,photoshopbattles,j2628y,False
21,PsBattle: This dog a fellow redditor posted.,1601406759,,photoshopbattles,j261cq,False
22,PsBattle: a cat about to run,1601406699,,photoshopbattles,j260os,False
23,PSBattle: This dog a redditor posted.,1601406693,,photoshopbattles,j260ly,False
24,Psbattle: a cat about to run,1601406632,,photoshopbattles,j25zut,False
25,PsBattle: People in Finland getting their Ph.D Diploma,1601406620,,photoshopbattles,j25zpm,False
27,Ps battle: a cat about to run,1601406586,,photoshopbattles,j25za1,False
29,Cat about to run,1601406517,,photoshopbattles,j25yg8,False
30,PsBattle: This Pikachu cardboard cutout,1601406430,,photoshopbattles,j25xdg,False
31,PsBattle: Alice through the looking glass statue,1601406400,,photoshopbattles,j25x0l,False
32,PsBattle: Kid gets cool new Yu-Gi-Oh card,1601406147,,photoshopbattles,j25tvi,False
33,This cat is the light,1601406009,,photoshopbattles,j25s3q,False
35,Ps Battle: Kid gets cool new Yu-Gi-Oh card,1601405697,,photoshopbattles,j25obo,False
36,PsBattle: Giraffe vs Drone scaring contest,1601405524,,photoshopbattles,j25m9s,False
37,PsBattle: A Cat chasing a Fox.,1601405284,,photoshopbattles,j25jaz,False
38,photoshop this,1601404258,,photoshopbattles,j256u3,False
39,i kill my butt,1601404223,,photoshopbattles,j256fe,False
40,PsBattle: Raccoon asleep on railing,1601403005,,photoshopbattles,j24rsi,False
41,PsBattle: Toddler in the bathtub,1601402833,,photoshopbattles,j24poi,False
42,PsBattle: Superhero pose squirrel,1601402737,,photoshopbattles,j24oi0,False
43,PsBattle: My nephew in the bathtub,1601402709,,photoshopbattles,j24o64,False
44,PsBattle: This menacing cat.,1601402376,,photoshopbattles,j24jz6,False
45,PsBattle: This is the Corona Police. He will disinfect anyone without a mask.,1601402248,,photoshopbattles,j24idq,False
46,PsBattle: The Corona Police WILL make you wear a mask,1601402120,,photoshopbattles,j24grs,False
47,PsBattle: These frogs locking at each other,1601401538,,photoshopbattles,j249ia,False
48,PsBattle: this security camera photo in school,1601401480,,photoshopbattles,j248tk,False
49,PSbattle: this security cam photo in school,1601401406,,photoshopbattles,j247si,False
50,PsBattle: This dog with a pinecone,1601401293,,photoshopbattles,j246bx,False
51,"PsBattle: Space, Earth, and an astronaut ""anchored to a foot restraint on the extended"" International Space Station's Canadarm-2.",1601401258,,photoshopbattles,j245u9,False
52,This dog with a pinecone,1601401185,,photoshopbattles,j244xw,False
53,Call of duty gost,1601400414,,photoshopbattles,j23v88,False
54,PsBattle: tortoise lol,1601400414,,photoshopbattles,j23v84,False
55,PsBattle: Tortoise staring you down,1601400356,,photoshopbattles,j23uip,False
56,PsBattle: Dog sitting on top of couch,1601399868,,photoshopbattles,j23ob7,False
57,PsBattle: Trump's hair blown by the wind,1601399834,,photoshopbattles,j23nvc,False
58,Psbattle: Dog sitting on top of the couch,1601399699,,photoshopbattles,j23m5j,False
59,PsBattle: this hitchhiking dog statue,1601398524,,photoshopbattles,j237bd,False
60,PsBattle: These children falling off a bridge,1601398506,,photoshopbattles,j2372k,False
61,PsBattle: My dog yawning,1601398289,,photoshopbattles,j2348f,False
62,PS Battle: my dog yawning,1601398234,,photoshopbattles,j233lj,False
63,PsBattle: This dog on a windy day,1601397162,,photoshopbattles,j22qbl,False
64,Buy Reviews On Yelp FaceBook Google TripAdvisor TrustPilot,1601396706,,photoshopbattles,j22kj5,False
65,PsBattle: Cat with legs hanging out,1601396682,,photoshopbattles,j22ka3,False
66,PsBattle: Guy taking a picture with a fish,1601395633,,photoshopbattles,j2279s,False
67,PsBattle: An interesting cat,1601395387,,photoshopbattles,j2243t,False
68,An interesting kitten,1601395314,,photoshopbattles,j2235y,False
69,Ps Battle: Guy taking a pic with the fish he just caught,1601394729,,photoshopbattles,j21w0h,False
70,"PsBattle: Tree trunk, perfectly covered by green moss",1601394690,,photoshopbattles,j21vjn,False
71,Psbattle: tortoise staring you down,1601394545,,photoshopbattles,j21toz,False
72,tortoise staring you down,1601394487,,photoshopbattles,j21syg,False
73,PsBattle: A Fallow deer laying down,1601393872,,photoshopbattles,j21lnn,False
74,My cute cat!,1601393856,,photoshopbattles,j21lfv,False
75,sad boi,1601393642,,photoshopbattles,j21ish,False
76,PsBattle: This man looking at a grande burrito.,1601393555,,photoshopbattles,j21hqx,False
77,PsBattle: Hockey player after a tackle,1601392916,,photoshopbattles,j21ad2,False
78,PsBattle: photo shop this man holding a vase.,1601392849,,photoshopbattles,j219lo,False
79,Battle: Hockey player after a tackle,1601392802,,photoshopbattles,j21900,False
80,Psbattle: photo shop this man holding a vase,1601392771,,photoshopbattles,j218m4,False
81,PsBattle: The Reflection off of this Crutch,1601391964,,photoshopbattles,j20z5s,False
82,PsBattle: The Reflection on my Crutch,1601391879,,photoshopbattles,j20y8y,False
83,PsBattle: The Reflection,1601391784,,photoshopbattles,j20x2t,False
84,PsBattle: The Light Emitting from my Crutch,1601391682,,photoshopbattles,j20vz6,False
85,PsBqttle: The Light Emitting from my Crutch,1601391593,,photoshopbattles,j20uwu,False
86,PsBattle: This cat walking away from a car,1601391343,,photoshopbattles,j20s3u,False
87,This cat waking away from a car,1601391272,,photoshopbattles,j20rb2,False
88,My friend‚Äôs obese cat,1601391194,,photoshopbattles,j20qe0,False
89,"PsBattle: this is me, do your worst",1601391064,,photoshopbattles,j20ou9,False
90,"This is me, do your worst! üòÑ",1601390962,,photoshopbattles,j20nle,False
91,PsBattle: Members of the Tampa Bay Lightning celebrating their Stanley Cup victory.,1601390731,,photoshopbattles,j20kym,False
92,Psbattle: Members of the Tampa Bay Lightning celebrating their Stanley Cup victory.,1601390544,,photoshopbattles,j20it3,False
93,PsBattle: This lurcher puppy looking uncomfortable in the presence of a Newfoundland giant,1601389828,,photoshopbattles,j20amm,False
94,PsBattle: anger toad,1601389457,,photoshopbattles,j206lw,False
95,PsBattle anger toad,1601389391,,photoshopbattles,j205ww,False
96,Anger toad,1601389323,,photoshopbattles,j2055c,False
97,PsBattle: This cat sitting on a bed.,1601389232,,photoshopbattles,j2045t,False
99,PsBattle: this one is gonna be interesting,1601387852,,photoshopbattles,j1zoz8,False
1,PSbattle: this one is interesting,1601387565,,photoshopbattles,j1zlyg,False
2,I would like to see what y‚Äôall come up with,1601387479,,photoshopbattles,j1zl1j,False
3,Looking into the Galaxy,1601387140,,photoshopbattles,j1zhlf,False
4,PsBattle: Man pointing a gun,1601386943,,photoshopbattles,j1zfib,False
5,PsBattle: Main pointing a gun,1601386911,,photoshopbattles,j1zf6b,False
7,i want to see this but photoshopped,1601386646,,photoshopbattles,j1zchf,False
8,PsBattle: This guy holding the mic,1601386528,,photoshopbattles,j1zb9j,False
9,PsBattle: This guy holding a mic,1601386373,,photoshopbattles,j1z9qi,False
11,This guy holding the mic,1601385975,,photoshopbattles,j1z5mr,False
12,PsBattle: Wrestler Io Shirai floating after a punch,1601385941,,photoshopbattles,j1z5c6,False
13,PsBattle: Dog with one blue eye and one brown eye,1601385061,,photoshopbattles,j1ywrf,False
14,PsBattle: Heard someone was looking for a cat,1601385037,,photoshopbattles,j1ywj9,False
15,PsBattle: I heard someone was looking for a cat,1601384933,,photoshopbattles,j1yvgm,False
16,PsBattle: I heard someone was looking for a cat?,1601384880,,photoshopbattles,j1yuxp,False
17,I heard someone was looking for a cat?,1601384815,,photoshopbattles,j1yucn,False
18,PsBattle: A cat sitting in a weird way,1601384512,,photoshopbattles,j1yr9l,False
19,PsBattle: This clouds over a city,1601384087,,photoshopbattles,j1ynam,False
20,PsBattle: The statue of the pope with a rock,1601384042,,photoshopbattles,j1ymuw,False
21,PsBattle: This dog hiding under a curtain.,1601383540,,photoshopbattles,j1yi3z,False
22,PsBattle: this person and the sun,1601383051,,photoshopbattles,j1ydrk,False
23,PsBattle: make it look like DBS fighting tournament,1601382804,,photoshopbattles,j1ybj6,False
24,Make it look like a DBS fight,1601382742,,photoshopbattles,j1yawu,False
25,PsBattle: this Mickey Mouse found in a birthday party,1601381987,,photoshopbattles,j1y4f2,False
26,PsBattle: This Mickey Mouse in my cousin's birthday party,1601381929,,photoshopbattles,j1y3y8,False
27,"This Mickey Mouse, in the birthday of my little cousin",1601381855,,photoshopbattles,j1y3b9,False
28,PsBattle: pet hamburglar,1601379624,,photoshopbattles,j1xkr3,False
29,"PsBattle: jar with my pet hamburglar, was told it belonged here",1601379384,,photoshopbattles,j1xip4,False
30,"Jar with my pet hamburglar, was told it belonged here",1601379287,,photoshopbattles,j1xhwq,False
31,Psbattle: this shark facing toward us.,1601379176,,photoshopbattles,j1xh1u,False
32,This shark facing towards the people,1601379107,,photoshopbattles,j1xghk,False
33,PsBattle: Boy laughing on a playground,1601378922,,photoshopbattles,j1xf19,False
34,PS Battle: io shirai vs rhea ripley,1601378650,,photoshopbattles,j1xcvy,False
35,PsBattle: Mt. Etna eruption in the night sky of Sicily,1601375914,,photoshopbattles,j1wsdi,False
36,Alien on the wall,1601374581,,photoshopbattles,j1wjbs,False
37,https://i.redd.it/a47rb7li92q51.jpg,1601374183,,photoshopbattles,j1wgox,False
38,he sacrificed himself for us,1601374049,,photoshopbattles,j1wfq2,False
39,PsBattle: late breakfast,1601373676,,photoshopbattles,j1wd3n,False
40,late breakfast,1601373403,,photoshopbattles,j1wb8w,False
41,PsBattle: Falling off a bridge.,1601372340,,photoshopbattles,j1w4ar,False
42,PsBattle: The night raccoon,1601371760,,photoshopbattles,j1w0b7,False
43,Psbattle: the march of the cat,1601370882,,photoshopbattles,j1vu9r,False
44,PsBattle: Lebron doing ballet,1601369970,,photoshopbattles,j1vnvt,False
45,PsBattle: hot dog cat,1601369671,,photoshopbattles,j1vlo7,False
46,Psbattle: Hot dog cat,1601369587,,photoshopbattles,j1vl02,False
47,Hot dog cat (courtesy of u/mcorrado05),1601369504,,photoshopbattles,j1vkf1,False
48,PSbattle:Lebron james the balletrina,1601368269,,photoshopbattles,j1vb4z,False
49,PsBattle: This dude jumping into barbed wire,1601368088,,photoshopbattles,j1v9te,False
50,PsBattle: this stingray photobombing,1601367169,,photoshopbattles,j1v3gm,False
51,Psbattle: This stingray photobombing,1601367121,,photoshopbattles,j1v34e,False
52,This stingray photobombing,1601367073,,photoshopbattles,j1v2si,False
53,PsBattle: little killer,1601365596,,photoshopbattles,j1usr9,False
54,PsBattle: A cat trying to catch a toy,1601364400,,photoshopbattles,j1ukef,False
55,psbattle: baby aang,1601363464,,photoshopbattles,j1ue05,False
56,PsBattle: This explosion cloud shaped like a person.,1601363407,,photoshopbattles,j1udm9,False
57,PsBattle: This towering smoke giant.,1601363379,,photoshopbattles,j1udfa,False
59,SALE NE BABY KO DABAYA WA HAI HAHAHHAHAHAHAHAHAHAAHAHHAHHAHAHA,1601362936,,photoshopbattles,j1uaaa,False
60,PsBattle: Gaming chair toilet,1601361855,,photoshopbattles,j1u2r5,False
61,PSbattle baby aang,1601361823,,photoshopbattles,j1u2jh,False
63,PsBattle: 3 people in a sea of popcorn watching TV,1601361690,,photoshopbattles,j1u1lm,False
64,PsBattle: 3 people in a sea of popcorn,1601361614,,photoshopbattles,j1u12z,False
65,PsBattle: a cat does not care,1601361230,,photoshopbattles,j1tyc5,False
66,PsBattle: This dog with a tennis ball in his mouth.,1601361163,,photoshopbattles,j1txum,False
67,PsBattle: Cat with leaves on him/her,1601360962,,photoshopbattles,j1twcm,False
68,PsBattle: Stingray photobomb,1601360921,,photoshopbattles,j1tw1z,False
69,"PsBattle: ""Catnada""",1601360587,,photoshopbattles,j1ttoh,False
71,PsBattle: cat trying to figure out how to catch a moth,1601359135,,photoshopbattles,j1tj3t,False
72,PsBattle: My cat trying to figure out how to catch a moth,1601359066,,photoshopbattles,j1tilu,False
73,PSBattle: My cat trying to figure out how to catch a moth.,1601358769,,photoshopbattles,j1tghn,False
74,PS Battle: My cat trying to figure out how to catch a moth.,1601358681,,photoshopbattles,j1tfvb,False
75,PsBattle: Trump's hair,1601356375,,photoshopbattles,j1syjh,False
76,PsBattle: Boogie pointing a gun at you,1601356341,,photoshopbattles,j1sy9s,False
77,PsBattle: Stingray trying to make friends,1601355694,,photoshopbattles,j1st0n,False
78,This Stingray getting into the photo,1601355620,,photoshopbattles,j1ssft,False
79,"PsBattle: These demonstrators in Georgetown, TX",1601354928,,photoshopbattles,j1sn7i,False
80,PS battle my face edition,1601354859,,photoshopbattles,j1smoh,False
81,PsBattle: James staring into the camera.,1601354478,,photoshopbattles,j1sjqt,False
83,PsBattle: This tennis ball loving dog,1601353841,,photoshopbattles,j1seki,False
84,PsBattle: James staring into your soul.,1601353803,,photoshopbattles,j1se9j,False
85,Psbattle: James staring into your soul.,1601353761,,photoshopbattles,j1sdxj,False
86,PsBattle: James,1601353551,,photoshopbattles,j1scbv,False
87,PsBattle: woman with lipstick for legs,1601352497,,photoshopbattles,j1s3el,False
88,"PsBattle: A duality between two great gods, only learning manipulation =)",1601352073,,photoshopbattles,j1rzju,False
89,"PsBattle: Learning image manipulation, accept suggestions &lt;3",1601352024,,photoshopbattles,j1rz3n,False
90,Woman with lipstick for legs nsfw,1601351591,,photoshopbattles,j1rv7s,False
91,PsBattle: Knitted Thanos,1601351460,,photoshopbattles,j1rtzd,False
92,Make this different,1601350833,,photoshopbattles,j1rocj,False
93,PsBattle: Donald Trump at the airport,1601349502,,photoshopbattles,j1rbpt,False
94,PsBattle: I was told I look like Jason Mamoa when I posted this radish I harvested to r/absoluteunits.,1601349315,,photoshopbattles,j1r9za,False
95,PsBattle: I was told I look like Jason Mamoa when I posted this t h i c c radish I harvested to r/absoluteunits. Do your best.,1601349220,,photoshopbattles,j1r94i,False
96,PsBattle: Mr. Trump holding a basket of laundry during a product placement,1601349181,,photoshopbattles,j1r8pu,False
97,Psbattle: I was told I look like Jason Mamoa when I posted this t h i c c radish I harvested to r/absoluteunits. Do your best.,1601349138,,photoshopbattles,j1r89t,False
98,PSbattle: I was told I look like Jason Mamoa when I posted this t h i c c radish I harvested to r/absoluteunits. Do your best.,1601349097,,photoshopbattles,j1r7vm,False
99,I shared this t h i c c radish I harvested on r/absoluteunits and I was told I look like Jason Mamoa. Do you best.,1601348938,,photoshopbattles,j1r6dn,False
